ZAT;NLOCALIDAD;ID_MUNICIPIO;LATITUD;LONGITUD
455;3;1;4.6038496;-74.07390426
456;3;1;4.602409004;-74.07079417
457;17;1;4.600394314;-74.07572351
458;17;1;4.598812925;-74.07228288
459;17;1;4.595759339;-74.07669558
460;17;1;4.592266635;-74.07766391
461;3;1;4.590280719;-74.07777311
462;3;1;4.587837954;-74.0803514
463;4;1;4.586029241;-74.08548404
464;4;1;4.584504443;-74.08372746
465;4;1;4.583112699;-74.08155589
466;4;1;4.581484007;-74.08766864
467;4;1;4.578809751;-74.08818226
468;4;1;4.576816014;-74.08515602
469;4;1;4.579785062;-74.0838822
470;4;1;4.578579624;-74.08075695
471;4;1;4.579714396;-74.07916298
472;3;1;4.585032502;-74.07644208
473;3;1;4.587755718;-74.07288099
474;17;1;4.591214717;-74.07266571
475;17;1;4.594123858;-74.07074027
476;17;1;4.597058851;-74.06907707
477;17;1;4.600976513;-74.0656551
478;17;1;4.600579504;-74.06189674
479;3;1;4.596964432;-74.06386072
480;17;1;4.595567638;-74.06651877
481;3;1;4.590208735;-74.06598309
482;3;1;4.588841405;-74.07010146
483;3;1;4.587314641;-74.06725289
484;3;1;4.585174776;-74.06588879
485;3;1;4.585409765;-74.06840828
486;3;1;4.583672024;-74.07122566
487;3;1;4.581018628;-74.06897357
488;3;1;4.582906728;-74.07508014
489;3;1;4.581924754;-74.07370748
490;3;1;4.57885445;-74.07291024
491;3;1;4.579578571;-74.07663528
492;4;1;4.575381369;-74.07664464
493;4;1;4.573170934;-74.07167622
494;4;1;4.576025704;-74.08148625
495;4;1;4.573761048;-74.08476063
496;4;1;4.571980915;-74.08740916
497;4;1;4.572520564;-74.08988956
498;4;1;4.575443524;-74.08797928
499;4;1;4.576574672;-74.09127131
500;15;1;4.58047269;-74.09615914
501;15;1;4.585064021;-74.10054689
502;15;1;4.589331119;-74.10424983
503;15;1;4.594564004;-74.10730768
504;15;1;4.592334939;-74.10962382
505;15;1;4.596489587;-74.11074742
506;16;1;4.602171438;-74.11394228
507;16;1;4.601327211;-74.11727283
508;16;1;4.597211223;-74.11631805
509;16;1;4.597437323;-74.12124763
510;16;1;4.600527015;-74.1241284
511;16;1;4.595759227;-74.12750737
512;16;1;4.595957167;-74.13206553
513;16;1;4.599199481;-74.13361357
514;16;1;4.599326607;-74.12937291
515;16;1;4.602897019;-74.12645724
516;16;1;4.605863524;-74.12914613
517;8;1;4.602460802;-74.13687277
518;15;1;4.594327068;-74.11481248
519;8;1;4.610212078;-74.13735135
520;8;1;4.61391178;-74.14444611
521;8;1;4.616475245;-74.14952852
522;8;1;4.620522565;-74.14802806
523;8;1;4.621791759;-74.1528001
524;8;1;4.615243294;-74.15476062
525;8;1;4.619002265;-74.15916493
526;8;1;4.62214615;-74.16121884
527;8;1;4.625830596;-74.16490469
528;8;1;4.633338431;-74.17077779
529;8;1;4.64417172;-74.17663583
530;8;1;4.631630392;-74.17572659
531;8;1;4.62259403;-74.17310661
532;8;1;4.618244952;-74.1714582
533;8;1;4.616659899;-74.16930341
534;8;1;4.615411515;-74.16614017
535;8;1;4.607991129;-74.16672514
536;8;1;4.61110691;-74.15806851
537;8;1;4.609333911;-74.15282462
538;8;1;4.607083068;-74.14491338
539;8;1;4.59781034;-74.14252729
540;8;1;4.598549424;-74.14777753
541;19;1;4.597242051;-74.15445133
542;7;1;4.600965407;-74.15890211
543;7;1;4.60012174;-74.16531387
544;7;1;4.600247413;-74.18277346
545;8;1;4.605402437;-74.17580202
546;8;1;4.611004797;-74.17062952
547;8;1;4.610491639;-74.17568018
548;8;1;4.615574387;-74.17995223
549;8;1;4.619029568;-74.17828711
550;7;1;4.622808855;-74.18560914
551;7;1;4.627877827;-74.18164904
552;7;1;4.628575049;-74.18983651
553;7;1;4.640579168;-74.18847333
554;7;1;4.636927068;-74.19438508
555;7;1;4.648573016;-74.19495038
556;7;1;4.635815557;-74.19753289
557;7;1;4.633794692;-74.20171257
558;7;1;4.633524142;-74.21045688
559;7;1;4.623828995;-74.21805778
560;7;1;4.624526771;-74.19815639
561;7;1;4.61859735;-74.20907111
562;7;1;4.611030605;-74.19664126
563;7;1;4.619628278;-74.19318883
564;7;1;4.615804656;-74.18825675
565;7;1;4.61016106;-74.18231002
566;7;1;4.611812377;-74.19115019
567;7;1;4.606834661;-74.18849122
568;7;1;4.602958982;-74.18778925
569;7;1;4.603448031;-74.20035377
570;7;1;4.609918051;-74.20943674
571;19;1;4.593771121;-74.17470549
572;19;1;4.59222031;-74.15779202
573;6;1;4.591631111;-74.15122633
574;6;1;4.591546137;-74.14357998
575;6;1;4.592082161;-74.13877915
576;6;1;4.586978641;-74.13819961
577;6;1;4.589609228;-74.13204906
578;18;1;4.589307983;-74.12666401
579;15;1;4.5925767;-74.12720297
580;15;1;4.591956017;-74.12054871
581;15;1;4.589932355;-74.11670391
582;15;1;4.590750514;-74.11272503
583;18;1;4.586361621;-74.12065206
584;18;1;4.585204769;-74.11796273
585;18;1;4.586272368;-74.11315667
586;18;1;4.586943769;-74.11041687
587;18;1;4.585605575;-74.10814087
588;18;1;4.581914355;-74.1068387
589;18;1;4.58088933;-74.11071777
590;18;1;4.577718241;-74.10194169
591;18;1;4.57617779;-74.10634409
592;18;1;4.573250635;-74.09929537
593;4;1;4.570468563;-74.09625167
594;4;1;4.567357;-74.09467676
595;4;1;4.569351154;-74.08999174
596;4;1;4.566569165;-74.08942131
597;4;1;4.565000506;-74.09126898
598;4;1;4.558855785;-74.08683965
599;4;1;4.562549445;-74.0846246
600;4;1;4.564257968;-74.08219413
601;4;1;4.567500455;-74.08061182
602;4;1;4.569413827;-74.07690269
603;4;1;4.569133005;-74.07121352
604;4;1;4.564146287;-74.06803854
605;4;1;4.562583736;-74.07649435
606;4;1;4.561234477;-74.09278283
607;4;1;4.559492428;-74.09698233
608;4;1;4.562283649;-74.0990122
609;18;1;4.567508278;-74.10458578
610;18;1;4.570336276;-74.10800835
611;18;1;4.572974114;-74.11570997
612;18;1;4.579175677;-74.11633863
613;18;1;4.578271169;-74.12045431
614;18;1;4.584142088;-74.1233592
615;18;1;4.583073095;-74.12787086
616;6;1;4.582878999;-74.13269822
617;6;1;4.581154943;-74.13575818
618;6;1;4.5817256;-74.14052268
619;6;1;4.576805327;-74.14539233
620;19;1;4.584072118;-74.15450975
621;19;1;4.584599047;-74.16488477
622;19;1;4.58660807;-74.1772195
623;19;1;4.582376686;-74.17603869
624;19;1;4.579214338;-74.17356775
625;19;1;4.578043673;-74.16638772
626;19;1;4.574558409;-74.15914246
627;19;1;4.57815719;-74.15308604
628;19;1;4.573873177;-74.14991163
629;19;1;4.571085949;-74.14406348
630;6;1;4.571340058;-74.14056027
631;6;1;4.576471295;-74.13583643
632;6;1;4.571843651;-74.13438048
633;6;1;4.574352975;-74.12818872
634;18;1;4.575581329;-74.12508071
635;18;1;4.573525321;-74.12068665
636;18;1;4.569087752;-74.12069219
637;18;1;4.569417444;-74.11203873
638;18;1;4.565464644;-74.10848882
639;4;1;4.563075607;-74.10270057
640;4;1;4.556295307;-74.09965366
641;4;1;4.553630552;-74.09540185
642;4;1;4.556646867;-74.09335526
643;4;1;4.553214794;-74.08882381
644;4;1;4.551169428;-74.09221412
645;4;1;4.550798674;-74.08329815
646;4;1;4.549223764;-74.07894797
647;4;1;4.544292817;-74.07732657
648;4;1;4.545397412;-74.08099297
649;4;1;4.54786495;-74.08702337
650;4;1;4.551127213;-74.09965819
651;18;1;4.550482101;-74.10688883
652;18;1;4.553807322;-74.1039178
653;18;1;4.552454528;-74.11413068
654;18;1;4.558459399;-74.11395545
655;18;1;4.564646241;-74.11410848
656;18;1;4.560258394;-74.11843483
657;6;1;4.566909986;-74.13076431
658;6;1;4.563269371;-74.13494295
659;6;1;4.565525558;-74.13939305
660;19;1;4.564410604;-74.14140565
661;19;1;4.56392092;-74.14491079
662;19;1;4.569532674;-74.15012564
663;19;1;4.563690824;-74.14902693
664;19;1;4.569009646;-74.15478158
665;19;1;4.571371703;-74.16381478
666;19;1;4.573576706;-74.17279497
667;19;1;4.566864295;-74.1686076
668;19;1;4.561027727;-74.16987163
669;19;1;4.56607113;-74.16125223
670;19;1;4.563635613;-74.15313973
671;19;1;4.562176483;-74.15449118
672;19;1;4.559650706;-74.14538921
673;19;1;4.559365752;-74.14193831
674;19;1;4.556445665;-74.14053281
675;19;1;4.560436148;-74.13662333
676;6;1;4.549734002;-74.1262427
677;6;1;4.561462427;-74.12797924
678;6;1;4.557357922;-74.12384689
679;18;1;4.555165552;-74.11930116
680;18;1;4.548766648;-74.11833532
681;18;1;4.543913724;-74.11509622
682;18;1;4.546345247;-74.10769185
683;18;1;4.541935038;-74.10897645
684;5;1;4.539067567;-74.10659782
685;18;1;4.524064048;-74.1006628
686;4;1;4.544139589;-74.0988428
687;4;1;4.547999723;-74.09661135
688;4;1;4.545407071;-74.09120714
689;4;1;4.539646611;-74.09271102
690;4;1;4.5422997;-74.08572506
691;4;1;4.536488911;-74.08724486
692;4;1;4.53202466;-74.08911555
693;4;1;4.529364168;-74.09257628
694;4;1;4.521228532;-74.0901522
695;4;1;4.524240457;-74.08601465
696;4;1;4.529644426;-74.08397316
697;4;1;4.533848748;-74.07935415
698;4;1;4.537312389;-74.08072073
699;4;1;4.541842766;-74.08138772
700;5;1;4.518212272;-74.09229997
701;5;1;4.512721072;-74.09174981
702;5;1;4.533490006;-74.1093445
703;5;1;4.53854296;-74.11503173
704;6;1;4.534283391;-74.12214568
705;19;1;4.539066908;-74.12740869
706;19;1;4.54542024;-74.13160418
707;19;1;4.550485213;-74.1343739
708;19;1;4.554616707;-74.13587265
709;19;1;4.550403587;-74.13839538
710;19;1;4.549988961;-74.14199373
711;19;1;4.555537443;-74.14583704
712;19;1;4.556467111;-74.1500912
713;19;1;4.555935926;-74.1550386
714;19;1;4.550637358;-74.16056933
715;19;1;4.550016457;-74.15314922
716;19;1;4.550349491;-74.14865801
717;19;1;4.547340437;-74.1452058
718;19;1;4.543061377;-74.14677891
719;19;1;4.540907455;-74.15029826
720;19;1;4.542403699;-74.15533857
721;19;1;4.542948106;-74.16138991
722;19;1;4.533303408;-74.15298628
723;19;1;4.535901757;-74.14803828
724;19;1;4.5401462;-74.14487014
725;19;1;4.535635049;-74.14195186
726;19;1;4.531169988;-74.14249908
727;19;1;4.541871912;-74.14014408
728;19;1;4.542829856;-74.13725098
729;19;1;4.536939426;-74.13445833
730;19;1;4.530323829;-74.12951086
731;5;1;4.53048882;-74.11793945
732;5;1;4.524857341;-74.12202741
733;5;1;4.523957587;-74.11659166
734;5;1;4.522831874;-74.11003421
735;5;1;4.516384898;-74.1130858
736;5;1;4.517673297;-74.11908838
737;5;1;4.520668836;-74.12508726
738;19;1;4.50224303;-74.13407068
739;5;1;4.509648108;-74.12424062
740;5;1;4.511893101;-74.11837523
741;5;1;4.508345645;-74.11882989
742;5;1;4.510850101;-74.11273846
743;5;1;4.511413877;-74.1074958
744;5;1;4.50786471;-74.10988613
745;5;1;4.505371222;-74.10014369
746;5;1;4.496155161;-74.0929799
747;5;1;4.505720656;-74.09097719
748;5;1;4.507445867;-74.08658852
749;5;1;4.500300493;-74.08572123
750;5;1;4.495770965;-74.09860833
751;5;1;4.498728325;-74.10301577
752;5;1;4.504769046;-74.10914874
753;5;1;4.503369762;-74.11961284
754;5;1;4.498546504;-74.11107694
755;5;1;4.492515872;-74.11307282
756;5;1;4.494037628;-74.11723046
757;5;1;4.495224947;-74.12019747
758;19;1;4.487467953;-74.12544218
759;5;1;4.486128062;-74.10787181
760;5;1;4.49133876;-74.10660258
761;5;1;4.488395434;-74.10021932
762;5;1;4.479254213;-74.09700997
763;5;1;4.474797781;-74.11440033
764;5;1;4.457351966;-74.13305568
791;7;1;4.668819838;-74.23676863
797;19;1;4.501260115;-74.15879939
835;10;1;4.70922568;-74.13161663
836;11;1;4.738809547;-74.08081973
837;11;1;4.735578693;-74.07570406
838;11;1;4.735110496;-74.06466002
839;11;1;4.727656294;-74.07281467
840;11;1;4.750371807;-74.07993391
841;10;1;4.679409174;-74.09222191
842;10;1;4.676303729;-74.08920784
843;14;1;4.613087545;-74.08093022
844;13;1;4.628683134;-74.09294844
845;2;1;4.628280198;-74.06127986
846;13;1;4.647440414;-74.07696566
847;2;1;4.657929568;-74.0558437
848;2;1;4.65383524;-74.05842267
849;2;1;4.683563565;-74.05453919
850;1;1;4.688710517;-74.04940118
851;1;1;4.694624045;-74.04733323
852;1;1;4.700933811;-74.04616697
853;11;1;4.701910945;-74.06020298
854;1;1;4.732046085;-74.02137914
855;11;1;4.766513555;-74.06596078
923;11;1;4.749034936;-74.1414419
939;5;1;4.502521991;-74.11355488
1000;99;19;;
769;19;1;4.574652491;-74.17926187
768;19;1;4.583426493;-74.18273899
903;99;2;4.737290042;-74.34441349
909;99;3;4.916305662;-74.02408397
907;99;4;4.859377738;-74.05509449
906;99;5;4.809049697;-74.10259641
904;99;6;4.811361301;-74.35103724
901;99;7;4.716483685;-74.20995365
911;99;8;4.991532659;-73.87210336
914;99;9;4.721638299;-73.96873417
902;99;10;4.731808369;-74.26590458
915;99;12;4.488134278;-74.2588454
779;99;13;4.578410168;-74.21257849
913;99;14;4.908617556;-73.94180682
908;99;15;4.917167511;-74.09704409
905;99;16;4.871679359;-74.1433399
912;99;17;4.965916847;-73.91213929
910;99;18;5.025582668;-73.99631877
900;99;11;4.708582637;-74.21582581
975;18;1;4.572471217;-74.10502168
765;99;13;4.596109905;-74.20155257
766;99;13;4.594706148;-74.19425966
767;99;13;4.589589944;-74.1881328
768;99;13;4.583426493;-74.18273899
769;99;13;4.574652491;-74.17926187
770;99;13;4.565148058;-74.18279744
771;99;13;4.565861248;-74.18663939
772;99;13;4.571349728;-74.18498372
773;99;13;4.58072341;-74.18974838
774;99;13;4.593893025;-74.20765578
775;99;13;4.583431901;-74.19735155
776;99;13;4.578354773;-74.19890828
777;99;13;4.578784231;-74.20599845
778;99;13;4.584714231;-74.21365088
780;99;13;4.573068829;-74.21027787
781;99;13;4.569764477;-74.22038128
782;99;13;4.585111559;-74.22093754
783;99;13;4.586361874;-74.22858688
784;99;13;4.577371751;-74.23106203
785;99;13;4.567406251;-74.23347707
786;99;13;4.578603152;-74.24379004
787;99;13;4.568919591;-74.24443113
788;99;13;4.559161135;-74.23973878
789;99;13;4.547518392;-74.23371103
790;99;13;4.586075047;-74.2631775
798;99;13;4.485910514;-74.20732881
931;99;13;4.590635339;-74.21276735
932;99;13;4.605711737;-74.21932479
1;11;1;4.799928997;-74.07045481
2;11;1;4.819367417;-74.06578959
3;1;1;4.814778862;-74.03038425
4;11;1;4.785505796;-74.04879921
5;1;1;4.78914388;-74.03220783
6;1;1;4.778670629;-74.03206122
7;1;1;4.773773544;-74.04126115
8;11;1;4.774961235;-74.05247295
9;11;1;4.766526504;-74.05016882
10;1;1;4.766974468;-74.04188681
11;1;1;4.762679975;-74.03764379
12;1;1;4.764738851;-74.02925913
13;1;1;4.764977011;-74.02520474
14;1;1;4.759601721;-74.0223691
15;1;1;4.759466207;-74.02881954
16;1;1;4.757439989;-74.02828483
17;1;1;4.754261079;-74.02786008
18;1;1;4.754802062;-74.02246706
19;1;1;4.750839885;-74.02032761
20;1;1;4.74947284;-74.02202334
21;1;1;4.749896315;-74.02763755
22;1;1;4.752629268;-74.03431558
23;1;1;4.758390307;-74.03415562
24;1;1;4.758500991;-74.03913741
25;1;1;4.754146171;-74.04067194
26;1;1;4.753197093;-74.04467764
27;11;1;4.757807693;-74.05203561
28;11;1;4.762673351;-74.05982245
29;11;1;4.756611654;-74.06309405
30;11;1;4.755216888;-74.07012667
31;11;1;4.754366934;-74.07473472
32;11;1;4.755547914;-74.07772043
33;11;1;4.755770733;-74.08763644
34;11;1;4.767322273;-74.08958431
35;11;1;4.779392659;-74.10484537
36;11;1;4.756305588;-74.11273542
37;11;1;4.749950501;-74.11546996
38;11;1;4.756463481;-74.10294242
39;11;1;4.754997475;-74.09689064
40;11;1;4.751012809;-74.09900477
41;11;1;4.746875058;-74.08920711
42;11;1;4.745277985;-74.07895453
43;11;1;4.745529449;-74.07385584
44;11;1;4.737296527;-74.07000215
45;11;1;4.747915464;-74.067213
46;11;1;4.748485496;-74.06222759
47;11;1;4.748904573;-74.05404565
48;11;1;4.744009162;-74.05849494
49;11;1;4.750273775;-74.05012814
50;11;1;4.742128769;-74.05253744
51;1;1;4.738598904;-74.0432389
52;1;1;4.747065313;-74.04207862
53;1;1;4.742339561;-74.04237213
54;1;1;4.743827509;-74.03438745
55;1;1;4.744683706;-74.02701868
56;1;1;4.739471983;-74.02734244
57;1;1;4.742643443;-74.01915899
58;1;1;4.733539786;-74.01677929
59;1;1;4.734924828;-74.02803806
60;1;1;4.730968186;-74.02795188
61;1;1;4.73561583;-74.03526261
62;1;1;4.732671891;-74.04254217
63;1;1;4.733603041;-74.04703623
64;11;1;4.733083589;-74.0526575
65;11;1;4.736715363;-74.05210079
66;11;1;4.736199471;-74.05872183
67;11;1;4.72862003;-74.0568456
68;11;1;4.722411259;-74.05483773
69;1;1;4.724024952;-74.04858489
70;1;1;4.726552827;-74.04351913
71;1;1;4.720435603;-74.04418987
72;1;1;4.730028601;-74.03632988
73;1;1;4.72527897;-74.03677307
74;1;1;4.722495308;-74.03688215
75;1;1;4.719608961;-74.03650387
76;1;1;4.716524676;-74.03807292
77;1;1;4.726719551;-74.02875497
78;1;1;4.723219315;-74.02926169
79;1;1;4.721474244;-74.02961971
80;1;1;4.719505008;-74.03022609
81;1;1;4.71771168;-74.03064676
82;1;1;4.714552402;-74.03085259
83;1;1;4.720698222;-74.02459819
84;1;1;4.719300688;-74.02207734
85;1;1;4.708727349;-74.02693818
86;1;1;4.707333152;-74.03075282
87;1;1;4.709722016;-74.04094493
88;1;1;4.712211725;-74.0504494
89;11;1;4.713462106;-74.05601204
90;11;1;4.719166209;-74.05912746
91;11;1;4.711635957;-74.06179179
92;11;1;4.71377886;-74.06677069
93;11;1;4.722023479;-74.06349433
94;11;1;4.723689408;-74.06957368
95;11;1;4.715930472;-74.07171973
96;11;1;4.712771419;-74.07560366
97;11;1;4.72148135;-74.07860506
98;11;1;4.728138119;-74.08142037
99;11;1;4.731208022;-74.08404819
100;11;1;4.7255924;-74.08680081
101;11;1;4.720133976;-74.08699058
102;11;1;4.714680926;-74.08579814
103;11;1;4.720983823;-74.09421867
104;11;1;4.724671796;-74.09889283
105;11;1;4.730192096;-74.09300336
106;11;1;4.734792549;-74.09253665
107;11;1;4.737779936;-74.09317986
108;11;1;4.741836629;-74.09341516
109;11;1;4.742244314;-74.10105076
110;11;1;4.747060329;-74.10276312
111;11;1;4.74089213;-74.10499258
112;11;1;4.731483985;-74.10190396
113;11;1;4.732080999;-74.10748554
114;11;1;4.737993635;-74.11119749
115;11;1;4.742378704;-74.11734879
116;11;1;4.746317937;-74.11744862
117;11;1;4.745813117;-74.12572368
118;11;1;4.740484494;-74.12806936
119;10;1;4.727344796;-74.11712125
120;10;1;4.714326336;-74.10948607
121;10;1;4.717675797;-74.10335669
122;10;1;4.713807223;-74.10220908
123;10;1;4.710266697;-74.10338694
124;10;1;4.708159395;-74.10218502
125;10;1;4.709092816;-74.097793
126;11;1;4.715893426;-74.09281637
127;11;1;4.706462398;-74.08685799
128;10;1;4.707833362;-74.09199636
129;10;1;4.704848051;-74.09644575
130;10;1;4.700816613;-74.09433574
131;10;1;4.700228562;-74.08975078
132;11;1;4.709260871;-74.08254176
133;11;1;4.706179211;-74.07591922
134;11;1;4.69960136;-74.07749053
135;11;1;4.69540075;-74.07772057
136;11;1;4.691465565;-74.07427918
137;11;1;4.691556073;-74.06829707
138;11;1;4.69577847;-74.06605372
139;11;1;4.706664387;-74.06836366
140;11;1;4.705616299;-74.05979624
141;11;1;4.698589344;-74.06054859
142;11;1;4.693073243;-74.06189455
143;11;1;4.691904133;-74.05870641
144;1;1;4.689715395;-74.05410197
145;1;1;4.696066788;-74.05302983
146;1;1;4.702581956;-74.05195607
147;1;1;4.699669182;-74.03790915
148;1;1;4.692474363;-74.04066783
149;1;1;4.687865157;-74.045574
150;1;1;4.685440497;-74.04496804
151;1;1;4.684089008;-74.04014319
152;1;1;4.689216038;-74.03687541
153;1;1;4.699263435;-74.03146586
154;1;1;4.701408534;-74.02586326
155;1;1;4.692348186;-74.02866044
156;1;1;4.686599352;-74.0285727
157;1;1;4.68179283;-74.02819239
158;1;1;4.680957382;-74.03503174
159;2;1;4.673011388;-74.01813376
160;2;1;4.665611129;-74.01663132
161;2;1;4.669055786;-74.02459887
162;2;1;4.6701327;-74.03790209
163;2;1;4.671385136;-74.05728738
164;2;1;4.675792314;-74.05596171
165;2;1;4.678716969;-74.05406252
166;2;1;4.681868187;-74.05093133
167;12;1;4.683130399;-74.06118279
168;12;1;4.672783887;-74.0621486
169;12;1;4.676632173;-74.06495297
170;12;1;4.680269982;-74.07215939
171;12;1;4.682900449;-74.06571168
172;12;1;4.686180019;-74.07039744
173;12;1;4.67523187;-74.07268344
174;12;1;4.676147332;-74.07725336
175;12;1;4.679436474;-74.08051153
176;10;1;4.683070359;-74.08433831
177;10;1;4.687035265;-74.07994303
178;10;1;4.692430396;-74.0839685
179;10;1;4.686878327;-74.0871442
180;10;1;4.68982861;-74.09036313
181;10;1;4.692484112;-74.09429546
182;10;1;4.693895428;-74.09930963
183;10;1;4.696881707;-74.10278818
184;10;1;4.698758242;-74.09825618
185;10;1;4.703250711;-74.10633267
186;10;1;4.700451187;-74.10860304
187;10;1;4.706297791;-74.11627888
188;10;1;4.710985735;-74.11791424
189;10;1;4.712680391;-74.12032715
190;10;1;4.707617425;-74.12540935
191;10;1;4.714922279;-74.12550085
192;10;1;4.720770903;-74.12415097
193;10;1;4.7215868;-74.14087264
194;10;1;4.715355701;-74.1385754
195;10;1;4.709475745;-74.13968772
196;10;1;4.704969106;-74.13115335
197;10;1;4.698498562;-74.1249334
198;10;1;4.699692046;-74.11929053
199;10;1;4.69755899;-74.11027391
200;10;1;4.694100713;-74.11240202
201;10;1;4.689197572;-74.11451973
202;10;1;4.691882264;-74.10530391
203;10;1;4.688394637;-74.10350949
204;10;1;4.683302248;-74.10851465
205;10;1;4.678133152;-74.10495517
206;10;1;4.681303751;-74.1026833
207;10;1;4.685816752;-74.09933163
208;10;1;4.683984862;-74.09435949
209;10;1;4.680939653;-74.09645375
210;10;1;4.677425213;-74.09901016
211;10;1;4.673693589;-74.1015186
212;10;1;4.673013026;-74.09673952
213;10;1;4.670441665;-74.09328382
214;12;1;4.666504931;-74.08868357
215;12;1;4.672677956;-74.08519546
216;12;1;4.674392225;-74.08166114
217;12;1;4.669515856;-74.07774055
218;12;1;4.665259319;-74.08136804
219;12;1;4.658433402;-74.08353069
220;12;1;4.654528745;-74.0788739
221;12;1;4.662363493;-74.07828231
222;12;1;4.669912294;-74.07434813
223;12;1;4.670831862;-74.06750215
224;12;1;4.66727111;-74.06361706
225;12;1;4.668372269;-74.07088218
226;12;1;4.664824136;-74.07368215
227;12;1;4.659512839;-74.07521016
228;12;1;4.654064679;-74.0763891
229;12;1;4.653356997;-74.07344122
230;12;1;4.657385212;-74.07111002
231;12;1;4.662416895;-74.07038791
232;12;1;4.665108328;-74.06842968
233;12;1;4.666903949;-74.06734869
234;12;1;4.663068518;-74.06375177
235;12;1;4.659585844;-74.06640502
236;12;1;4.655425636;-74.06767904
237;12;1;4.652998285;-74.07107811
238;12;1;4.652134129;-74.06882078
239;12;1;4.652722795;-74.06549617
240;12;1;4.657382267;-74.06347485
241;2;1;4.665914363;-74.05870527
242;2;1;4.667790838;-74.05397099
243;2;1;4.665436263;-74.04946953
244;2;1;4.660486116;-74.0475029
245;2;1;4.662478424;-74.05240665
246;2;1;4.66408677;-74.05575624
247;2;1;4.660502654;-74.05940457
248;2;1;4.654399766;-74.04990792
249;2;1;4.64564592;-74.04786551
250;2;1;4.647241429;-74.0510481
251;2;1;4.645749448;-74.05564263
252;2;1;4.649769657;-74.05517778
253;2;1;4.652730562;-74.05500692
254;2;1;4.655964242;-74.06125695
255;2;1;4.650559201;-74.06160467
256;2;1;4.67042688;-74.05241012
257;2;1;4.673326464;-74.05088698
258;2;1;4.677170227;-74.04891486
259;2;1;4.681171221;-74.04478921
260;2;1;4.67828216;-74.04256136
261;2;1;4.67494215;-74.04438456
262;2;1;4.671022139;-74.04662647
263;2;1;4.66797569;-74.04819724
264;2;1;4.667648431;-74.04371539
265;2;1;4.673062416;-74.03973086
266;2;1;4.639994299;-74.05450584
267;2;1;4.638912937;-74.05728297
268;2;1;4.624742697;-74.06030886
269;2;1;4.631164537;-74.05977421
270;2;1;4.628136208;-74.05787117
271;2;1;4.627873559;-74.06361439
272;2;1;4.634986665;-74.06189859
273;2;1;4.641200282;-74.06066546
274;2;1;4.644506054;-74.05889538
275;2;1;4.644568092;-74.06346099
276;2;1;4.635838215;-74.06524738
277;2;1;4.629512375;-74.06637562
278;13;1;4.631618729;-74.07062814
279;13;1;4.634897386;-74.07188181
280;13;1;4.638505942;-74.06816791
281;13;1;4.64554794;-74.06679999
282;13;1;4.646901338;-74.07129999
283;13;1;4.649886237;-74.07462882
284;2;1;4.634748687;-74.05786293
285;13;1;4.642343501;-74.07034867
286;13;1;4.642464555;-74.07489218
287;13;1;4.638714324;-74.07348786
288;13;1;4.638117525;-74.07794153
289;13;1;4.6378261;-74.08457252
290;13;1;4.647595438;-74.08238397
291;13;1;4.649185235;-74.07958762
292;13;1;4.651444294;-74.08773289
293;13;1;4.643268874;-74.0872976
294;13;1;4.643470109;-74.09416643
295;13;1;4.647127094;-74.0907974
296;13;1;4.655856889;-74.08859132
297;13;1;4.658541766;-74.09398009
298;13;1;4.652277871;-74.09875616
299;10;1;4.662872481;-74.10178975
300;10;1;4.668389911;-74.10647356
301;10;1;4.672910529;-74.10908921
302;10;1;4.680729282;-74.11755773
303;10;1;4.679054902;-74.11318465
304;9;1;4.698402692;-74.14139826
305;9;1;4.686292375;-74.13297566
306;9;1;4.678073767;-74.12406215
307;9;1;4.677478024;-74.13118542
308;9;1;4.70123808;-74.16560873
309;9;1;4.694039445;-74.15437416
310;9;1;4.691172918;-74.16093786
311;9;1;4.681720042;-74.15002756
312;9;1;4.685802994;-74.14524776
313;9;1;4.675485083;-74.14420706
314;9;1;4.680456398;-74.13903348
315;9;1;4.669751615;-74.13954404
316;9;1;4.675556876;-74.13498609
317;9;1;4.664755787;-74.13484153
318;9;1;4.666373801;-74.12523672
319;9;1;4.671253535;-74.11961671
320;9;1;4.666079467;-74.11553662
321;9;1;4.660963284;-74.12080197
322;9;1;4.657681027;-74.10969671
323;9;1;4.660200379;-74.13083702
324;9;1;4.647998159;-74.11996589
325;9;1;4.642121046;-74.11692275
326;16;1;4.638536019;-74.11142108
327;13;1;4.645470926;-74.10068631
328;16;1;4.633265516;-74.10651715
329;16;1;4.630574555;-74.10211457
330;13;1;4.633696593;-74.09674787
331;13;1;4.637098864;-74.09471352
332;16;1;4.628001537;-74.09758308
333;13;1;4.633435098;-74.09271093
334;6;1;4.630192985;-74.09053924
335;13;1;4.631278645;-74.08710968
336;13;1;4.630584864;-74.08145245
337;13;1;4.62695913;-74.0840061
338;13;1;4.625161566;-74.08101631
339;13;1;4.627424641;-74.0788201
340;13;1;4.629633255;-74.07662456
341;13;1;4.627883496;-74.0707617
342;3;1;4.624599417;-74.06763444
343;3;1;4.621693974;-74.06195778
344;13;1;4.62293145;-74.07231945
345;3;1;4.618939928;-74.06952847
346;3;1;4.620850135;-74.06601594
347;3;1;4.614854518;-74.06083608
348;3;1;4.617364458;-74.06412525
349;3;1;4.614196878;-74.06493779
350;3;1;4.608460389;-74.06465559
351;3;1;4.616851958;-74.06750398
352;3;1;4.612400365;-74.06876682
353;3;1;4.604540506;-74.0659593
354;3;1;4.606838527;-74.06888721
355;3;1;4.610769472;-74.07346712
356;13;1;4.618531378;-74.07282574
357;14;1;4.617603964;-74.07630772
358;14;1;4.622214415;-74.07934442
359;14;1;4.615448156;-74.07893407
360;14;1;4.620470136;-74.0827069
361;14;1;4.608940734;-74.07814047
362;14;1;4.61028374;-74.08310511
363;14;1;4.61503486;-74.08695289
364;16;1;4.618561924;-74.09198806
365;16;1;4.623582957;-74.08696773
366;16;1;4.622265205;-74.09042218
367;16;1;4.623202459;-74.0959009
368;16;1;4.624200213;-74.10114763
369;16;1;4.622311202;-74.10412929
370;16;1;4.616602447;-74.10198157
371;16;1;4.612493778;-74.09760207
372;16;1;4.610691707;-74.10686311
373;16;1;4.614660324;-74.10898103
374;16;1;4.620054315;-74.10946031
375;16;1;4.62574965;-74.11132116
376;16;1;4.621275121;-74.11259074
377;16;1;4.61811625;-74.11505919
378;16;1;4.621561317;-74.11596556
379;16;1;4.622899882;-74.11803683
380;16;1;4.62550979;-74.11807215
381;16;1;4.625978434;-74.12124081
382;16;1;4.61774636;-74.12164018
383;8;1;4.627080709;-74.12471816
384;16;1;4.631390682;-74.11605638
385;8;1;4.634490444;-74.12264251
386;8;1;4.633583948;-74.12927133
387;8;1;4.637839093;-74.13282833
388;8;1;4.645742868;-74.12808271
389;8;1;4.637416854;-74.13947084
390;8;1;4.640547985;-74.14315254
391;8;1;4.647871092;-74.13498108
392;9;1;4.652584662;-74.13189638
393;8;1;4.659749487;-74.14528852
394;8;1;4.643348316;-74.14773984
395;13;1;4.621969837;-74.07661024
396;8;1;4.648413733;-74.15564379
397;9;1;4.666963144;-74.14409757
398;9;1;4.665438078;-74.15229427
399;9;1;4.672624096;-74.14834513
400;9;1;4.670220749;-74.15036645
401;9;1;4.669419508;-74.16192842
402;9;1;4.673505818;-74.1569311
403;9;1;4.67703445;-74.15208454
404;9;1;4.676401938;-74.16424876
405;9;1;4.679972897;-74.16211896
406;9;1;4.681121403;-74.1711553
407;9;1;4.688514416;-74.16654378
408;8;1;4.635110984;-74.14959469
409;8;1;4.633140101;-74.15343806
410;8;1;4.636142658;-74.15787999
411;8;1;4.638863244;-74.16145508
412;8;1;4.641845687;-74.1624953
413;8;1;4.648668525;-74.16891821
414;8;1;4.646059701;-74.17360138
415;8;1;4.635935205;-74.16702515
416;8;1;4.630817641;-74.15915969
417;8;1;4.627982835;-74.15348059
418;8;1;4.626798686;-74.14746629
419;8;1;4.629282837;-74.1435046
420;8;1;4.623753781;-74.14141667
421;8;1;4.627542399;-74.1321068
422;8;1;4.621713823;-74.12891191
423;8;1;4.614617174;-74.13148983
424;16;1;4.613361394;-74.12581925
425;16;1;4.607912499;-74.12382774
426;16;1;4.611831564;-74.11870498
427;16;1;4.610122548;-74.1149173
428;16;1;4.607347255;-74.11133643
429;16;1;4.601154572;-74.10854936
430;16;1;4.605086122;-74.10769828
431;16;1;4.602738353;-74.10459768
432;16;1;4.607041152;-74.10236339
433;14;1;4.608385071;-74.09285421
434;14;1;4.602906983;-74.0967969
435;14;1;4.599909861;-74.099472
436;14;1;4.597290771;-74.10253365
437;15;1;4.592920077;-74.09963984
438;14;1;4.596526622;-74.09569318
439;14;1;4.599895976;-74.09237744
440;14;1;4.604674243;-74.08969991
441;14;1;4.607719759;-74.08709903
442;14;1;4.606105685;-74.08070235
443;14;1;4.603185669;-74.08374585
444;14;1;4.60052492;-74.08737404
445;14;1;4.598059382;-74.08881326
446;14;1;4.594903414;-74.09022838
447;15;1;4.589830554;-74.09482002
448;15;1;4.583219611;-74.09308257
449;15;1;4.58495863;-74.09124825
450;15;1;4.587424723;-74.08929547
451;15;1;4.589511658;-74.08769895
452;3;1;4.593044806;-74.0849319
453;3;1;4.59870982;-74.08103326
454;3;1;4.604605381;-74.07708099
940;19;1;4.559687129;-74.15070503
941;6;1;4.581895571;-74.14581331
942;6;1;4.587386563;-74.14816098
943;19;1;4.589628594;-74.16886168
944;19;1;4.592780884;-74.16592466
945;19;1;4.592162873;-74.17952712
946;7;1;4.599716005;-74.17274592
947;7;1;4.614161015;-74.20745482
948;8;1;4.604106897;-74.15171524
949;8;1;4.642560164;-74.18097465
950;8;1;4.639589194;-74.15307229
951;8;1;4.621058008;-74.13508586
952;13;1;4.627108193;-74.08923973
953;8;1;4.641877302;-74.12658751
954;9;1;4.669673675;-74.13135229
955;9;1;4.655262749;-74.12650232
956;1;1;4.768270867;-74.03529472
957;1;1;4.77459156;-74.03562657
958;11;1;4.797356574;-74.0463087
959;1;1;4.796238235;-74.0366313
960;11;1;4.817579637;-74.04513218
961;5;1;4.501625552;-74.10700453
962;19;1;4.557810414;-74.13666358
963;19;1;4.577764068;-74.15736201
964;8;1;4.613949804;-74.16009271
965;8;1;4.623050747;-74.12555507
966;14;1;4.6124107;-74.07559647
967;4;1;4.555800443;-74.07936283
968;4;1;4.571122693;-74.08417062
969;4;1;4.572820148;-74.08127906
970;4;1;4.566209177;-74.10042213
971;4;1;4.564693204;-74.09661744
972;4;1;4.555523938;-74.09553052
973;18;1;4.556094441;-74.10844834
974;18;1;4.560835974;-74.10751729
976;18;1;4.569232237;-74.11684497
977;18;1;4.571426843;-74.12229851
978;18;1;4.563063326;-74.12128979
979;18;1;4.566566089;-74.12314402
980;5;1;4.537319134;-74.11834711
981;18;1;4.575464231;-74.11121678
982;18;1;4.580063994;-74.11331181
983;18;1;4.585336955;-74.11547657
984;15;1;4.592633664;-74.11731002
985;15;1;4.591390549;-74.12395244
986;15;1;4.596521868;-74.10608142
987;6;1;4.57874903;-74.12980591
988;16;1;4.619136443;-74.12529969
989;8;1;4.630981007;-74.16512346
990;8;1;4.651319942;-74.14044023
991;13;1;4.629150904;-74.07400968
992;3;1;4.614798965;-74.07094807
993;3;1;4.608368844;-74.07173835
994;8;1;4.654635395;-74.16454481
995;8;1;4.656478414;-74.15438131
996;9;1;4.652940454;-74.11373948
997;13;1;4.642232094;-74.10409048
998;9;1;4.672512805;-74.12857162
999;9;1;4.683643226;-74.12815282
796;20;1;4.069024297;-74.24984908
930;99;13;4.584853789;-74.26599533
933;99;13;4.59364985;-74.22331034
795;99;1;4.610472929;-74.03848075
945;99;13;4.592162873;-74.17952712
623;99;13;4.582376686;-74.17603869
666;99;13;4.573576706;-74.17279497
0;99;0;;
